{
	"carName": "mclaren_720s_gt3_evo",
	"basicSetup":
	{
		"tyres":
		{
			"tyreCompound": 0,
			"tyrePressure": [ 40, 45, 37, 43 ]
		},
		"alignment":
		{
			"camber": [ 2, 2, 0, 0 ],
			"toe": [ 36, 36, 25, 25 ],
			"staticCamber": [ -4.4332466125488281, -4.4275407791137695, -4.6429882049560547, -4.6357626914978027 ],
			"toeOutLinear": [ 0.0016967594856396317, 0.0016967536648735404, 0.00049914378905668855, 0.00049914751434698701 ],
			"casterLF": 35,
			"casterRF": 35,
			"steerRatio": 2
		},
		"electronics":
		{
			"tC1": 4,
			"tC2": 0,
			"abs": 3,
			"eCUMap": 0,
			"fuelMix": 0,
			"telemetryLaps": 0
		},
		"strategy":
		{
			"fuel": 60,
			"nPitStops": 0,
			"tyreSet": 0,
			"frontBrakePadCompound": 1,
			"rearBrakePadCompound": 1,
			"pitStrategy": [
				{
					"fuelToAdd": 0,
					"tyres":
					{
						"tyreCompound": 0,
						"tyrePressure": [ 40, 45, 37, 43 ]
					},
					"tyreSet": 0,
					"frontBrakePadCompound": 1,
					"rearBrakePadCompound": 1
				}
			],
			"fuelPerLap": 3.3499999046325684
		}
	},
	"advancedSetup":
	{
		"mechanicalBalance":
		{
			"aRBFront": 7,
			"aRBRear": 6,
			"wheelRate": [ 4, 4, 3, 3 ],
			"bumpStopRateUp": [ 7, 7, 11, 11 ],
			"bumpStopRateDn": [ 0, 0, 10, 10 ],
			"bumpStopWindow": [ 10, 10, 20, 20 ],
			"brakeTorque": 20,
			"brakeBias": 22
		},
		"dampers":
		{
			"bumpSlow": [ 27, 28, 18, 18 ],
			"bumpFast": [ 20, 20, 18, 18 ],
			"reboundSlow": [ 17, 17, 22, 22 ],
			"reboundFast": [ 33, 33, 27, 27 ]
		},
		"aeroBalance":
		{
			"rideHeight": [ 0, 6, 4, 18 ],
			"rodLength": [ 51.94012451171875, 51.94012451171875, 35.963985443115234, 35.963985443115234 ],
			"splitter": 3,
			"rearWing": 7,
			"brakeDuct": [ 3, 3 ]
		},
		"drivetrain":
		{
			"preload": 8
		}
	},
	"trackBopType": 52
}