{
	"carName": "mclaren_720s_gt3_evo",
	"basicSetup":
	{
		"tyres":
		{
			"tyreCompound": 0,
			"tyrePressure": [ 42, 47, 38, 44 ]
		},
		"alignment":
		{
			"camber": [ 1, 1, 2, 2 ],
			"toe": [ 38, 38, 25, 25 ],
			"staticCamber": [ -4.5276775360107422, -4.5224065780639648, -4.1790223121643066, -4.1713266372680664 ],
			"toeOutLinear": [ 0.001646799617446959, 0.0016468181274831295, 0.00051245378563180566, 0.00051245064241811633 ],
			"casterLF": 34,
			"casterRF": 34,
			"steerRatio": 1
		},
		"electronics":
		{
			"tC1": 3,
			"tC2": 0,
			"abs": 3,
			"eCUMap": 0,
			"fuelMix": 0,
			"telemetryLaps": 0
		},
		"strategy":
		{
			"fuel": 60,
			"nPitStops": 0,
			"tyreSet": 0,
			"frontBrakePadCompound": 1,
			"rearBrakePadCompound": 1,
			"pitStrategy": [
				{
					"fuelToAdd": 0,
					"tyres":
					{
						"tyreCompound": 0,
						"tyrePressure": [ 42, 47, 38, 44 ]
					},
					"tyreSet": 0,
					"frontBrakePadCompound": 1,
					"rearBrakePadCompound": 1
				}
			],
			"fuelPerLap": 2.7100000381469727
		}
	},
	"advancedSetup":
	{
		"mechanicalBalance":
		{
			"aRBFront": 7,
			"aRBRear": 7,
			"wheelRate": [ 3, 3, 4, 4 ],
			"bumpStopRateUp": [ 7, 7, 10, 10 ],
			"bumpStopRateDn": [ 0, 0, 10, 10 ],
			"bumpStopWindow": [ 4, 4, 18, 18 ],
			"brakeTorque": 20,
			"brakeBias": 16
		},
		"dampers":
		{
			"bumpSlow": [ 25, 25, 14, 14 ],
			"bumpFast": [ 24, 24, 12, 12 ],
			"reboundSlow": [ 14, 14, 20, 20 ],
			"reboundFast": [ 30, 30, 31, 31 ]
		},
		"aeroBalance":
		{
			"rideHeight": [ 0, 6, 0, 18 ],
			"rodLength": [ 52.354728698730469, 52.354728698730469, 29.588077545166016, 29.588077545166016 ],
			"splitter": 0,
			"rearWing": 3,
			"brakeDuct": [ 3, 2 ]
		},
		"drivetrain":
		{
			"preload": 8
		}
	},
	"trackBopType": 37
}