{
	"carName": "mclaren_720s_gt3_evo",
	"basicSetup":
	{
		"tyres":
		{
			"tyreCompound": 0,
			"tyrePressure": [ 43, 47, 41, 44 ]
		},
		"alignment":
		{
			"camber": [ 1, 1, 1, 1 ],
			"toe": [ 34, 34, 25, 25 ],
			"staticCamber": [ -4.5357470512390137, -4.5330042839050293, -4.7647609710693359, -4.7626919746398926 ],
			"toeOutLinear": [ 0.0017383324448019266, 0.0017383344238623977, 0.00048570212675258517, 0.00048569883801974356 ],
			"casterLF": 35,
			"casterRF": 35,
			"steerRatio": 1
		},
		"electronics":
		{
			"tC1": 4,
			"tC2": 0,
			"abs": 3,
			"eCUMap": 0,
			"fuelMix": 0,
			"telemetryLaps": 0
		},
		"strategy":
		{
			"fuel": 60,
			"nPitStops": 0,
			"tyreSet": 0,
			"frontBrakePadCompound": 1,
			"rearBrakePadCompound": 1,
			"pitStrategy": [
				{
					"fuelToAdd": 0,
					"tyres":
					{
						"tyreCompound": 0,
						"tyrePressure": [ 43, 47, 41, 44 ]
					},
					"tyreSet": 0,
					"frontBrakePadCompound": 1,
					"rearBrakePadCompound": 1
				}
			],
			"fuelPerLap": 3.2000000476837158
		}
	},
	"advancedSetup":
	{
		"mechanicalBalance":
		{
			"aRBFront": 7,
			"aRBRear": 6,
			"wheelRate": [ 3, 3, 2, 2 ],
			"bumpStopRateUp": [ 9, 9, 9, 9 ],
			"bumpStopRateDn": [ 0, 0, 10, 10 ],
			"bumpStopWindow": [ 12, 12, 20, 20 ],
			"brakeTorque": 20,
			"brakeBias": 15
		},
		"dampers":
		{
			"bumpSlow": [ 27, 27, 23, 23 ],
			"bumpFast": [ 24, 24, 18, 18 ],
			"reboundSlow": [ 15, 15, 24, 24 ],
			"reboundFast": [ 32, 32, 35, 35 ]
		},
		"aeroBalance":
		{
			"rideHeight": [ 0, 6, 8, 18 ],
			"rodLength": [ 52.324115753173828, 52.324115753173828, 41.575511932373047, 41.575511932373047 ],
			"splitter": 0,
			"rearWing": 11,
			"brakeDuct": [ 3, 2 ]
		},
		"drivetrain":
		{
			"preload": 8
		}
	},
	"trackBopType": 34
}