{
	"carName": "porsche_992_gt3_r",
	"basicSetup":
	{
		"tyres":
		{
			"tyreCompound": 0,
			"tyrePressure": [ 46, 48, 40, 41 ]
		},
		"alignment":
		{
			"camber": [ 2, 2, 0, 0 ],
			"toe": [ 27, 27, 55, 55 ],
			"staticCamber": [ -4.3982119560241699, -4.396967887878418, 0.90403378009796143, 0.90481078624725342 ],
			"toeOutLinear": [ 0.00026920184609480202, 0.00026920702657662332, -0.0074420827440917492, -0.0074420995078980923 ],
			"casterLF": 30,
			"casterRF": 30,
			"steerRatio": 5
		},
		"electronics":
		{
			"tC1": 4,
			"tC2": 0,
			"abs": 3,
			"eCUMap": 7,
			"fuelMix": 0,
			"telemetryLaps": 0
		},
		"strategy":
		{
			"fuel": 60,
			"nPitStops": 0,
			"tyreSet": 0,
			"frontBrakePadCompound": 1,
			"rearBrakePadCompound": 1,
			"pitStrategy": [
				{
					"fuelToAdd": 0,
					"tyres":
					{
						"tyreCompound": 0,
						"tyrePressure": [ 46, 48, 40, 41 ]
					},
					"tyreSet": 2,
					"frontBrakePadCompound": 1,
					"rearBrakePadCompound": 1
				}
			],
			"fuelPerLap": 3.7999999523162842
		}
	},
	"advancedSetup":
	{
		"mechanicalBalance":
		{
			"aRBFront": 5,
			"aRBRear": 4,
			"wheelRate": [ 5, 5, 4, 4 ],
			"bumpStopRateUp": [ 11, 11, 15, 15 ],
			"bumpStopRateDn": [ 0, 0, 10, 10 ],
			"bumpStopWindow": [ 4, 4, 10, 10 ],
			"brakeTorque": 20,
			"brakeBias": 30
		},
		"dampers":
		{
			"bumpSlow": [ 11, 11, 10, 10 ],
			"bumpFast": [ 4, 4, 4, 4 ],
			"reboundSlow": [ 10, 10, 10, 10 ],
			"reboundFast": [ 8, 8, 7, 7 ]
		},
		"aeroBalance":
		{
			"rideHeight": [ 0, 11, 3, 18 ],
			"rodLength": [ 33.218376159667969, 33.218376159667969, -74.700950622558594, -74.700950622558594 ],
			"splitter": 0,
			"rearWing": 7,
			"brakeDuct": [ 3, 2 ]
		},
		"drivetrain":
		{
			"preload": 13
		}
	},
	"trackBopType": 33
}