{
	"carName": "mclaren_720s_gt3_evo",
	"basicSetup":
	{
		"tyres":
		{
			"tyreCompound": 0,
			"tyrePressure": [ 46, 45, 41, 43 ]
		},
		"alignment":
		{
			"camber": [ 1, 1, 2, 2 ],
			"toe": [ 38, 38, 25, 25 ],
			"staticCamber": [ -4.5242910385131836, -4.5249791145324707, -4.1570286750793457, -4.155637264251709 ],
			"toeOutLinear": [ 0.0016424006316810846, 0.0016423910856246948, 0.00051330163842067122, 0.00051331002032384276 ],
			"casterLF": 34,
			"casterRF": 34,
			"steerRatio": 1
		},
		"electronics":
		{
			"tC1": 3,
			"tC2": 0,
			"abs": 3,
			"eCUMap": 0,
			"fuelMix": 0,
			"telemetryLaps": 0
		},
		"strategy":
		{
			"fuel": 60,
			"nPitStops": 0,
			"tyreSet": 0,
			"frontBrakePadCompound": 1,
			"rearBrakePadCompound": 1,
			"pitStrategy": [
				{
					"fuelToAdd": 0,
					"tyres":
					{
						"tyreCompound": 0,
						"tyrePressure": [ 46, 45, 41, 43 ]
					},
					"tyreSet": 0,
					"frontBrakePadCompound": 1,
					"rearBrakePadCompound": 1
				}
			],
			"fuelPerLap": 4.0999999046325684
		}
	},
	"advancedSetup":
	{
		"mechanicalBalance":
		{
			"aRBFront": 7,
			"aRBRear": 7,
			"wheelRate": [ 3, 3, 4, 4 ],
			"bumpStopRateUp": [ 7, 7, 10, 10 ],
			"bumpStopRateDn": [ 0, 0, 10, 10 ],
			"bumpStopWindow": [ 4, 4, 18, 18 ],
			"brakeTorque": 20,
			"brakeBias": 16
		},
		"dampers":
		{
			"bumpSlow": [ 25, 25, 14, 14 ],
			"bumpFast": [ 22, 22, 12, 12 ],
			"reboundSlow": [ 14, 14, 20, 20 ],
			"reboundFast": [ 30, 30, 31, 31 ]
		},
		"aeroBalance":
		{
			"rideHeight": [ 0, 6, 0, 18 ],
			"rodLength": [ 52.453292846679688, 52.453292846679688, 29.660366058349609, 29.660366058349609 ],
			"splitter": 0,
			"rearWing": 3,
			"brakeDuct": [ 3, 2 ]
		},
		"drivetrain":
		{
			"preload": 8
		}
	},
	"trackBopType": 33
}