{
	"carName": "ferrari_296_gt3",
	"basicSetup":
	{
		"tyres":
		{
			"tyreCompound": 0,
			"tyrePressure": [ 48, 57, 44, 51 ]
		},
		"alignment":
		{
			"camber": [ 1, 1, 1, 1 ],
			"toe": [ 30, 30, 48, 48 ],
			"staticCamber": [ -4.6943049430847168, -4.6884860992431641, -4.2883291244506836, -4.2834005355834961 ],
			"toeOutLinear": [ -0.00042118903365917504, -0.00042118137935176492, 0.0002780421928036958, 0.00027802833938039839 ],
			"casterLF": 30,
			"casterRF": 30,
			"steerRatio": 3
		},
		"electronics":
		{
			"tC1": 7,
			"tC2": 0,
			"abs": 2,
			"eCUMap": 0,
			"fuelMix": 0,
			"telemetryLaps": 0
		},
		"strategy":
		{
			"fuel": 60,
			"nPitStops": 0,
			"tyreSet": 0,
			"frontBrakePadCompound": 1,
			"rearBrakePadCompound": 1,
			"pitStrategy": [
				{
					"fuelToAdd": 0,
					"tyres":
					{
						"tyreCompound": 0,
						"tyrePressure": [ 48, 57, 44, 51 ]
					},
					"tyreSet": 2,
					"frontBrakePadCompound": 1,
					"rearBrakePadCompound": 1
				}
			],
			"fuelPerLap": 3
		}
	},
	"advancedSetup":
	{
		"mechanicalBalance":
		{
			"aRBFront": 4,
			"aRBRear": 1,
			"wheelRate": [ 4, 4, 0, 0 ],
			"bumpStopRateUp": [ 5, 5, 5, 5 ],
			"bumpStopRateDn": [ 0, 0, 10, 10 ],
			"bumpStopWindow": [ 3, 3, 25, 25 ],
			"brakeTorque": 20,
			"brakeBias": 19
		},
		"dampers":
		{
			"bumpSlow": [ 6, 6, 5, 5 ],
			"bumpFast": [ 3, 3, 4, 4 ],
			"reboundSlow": [ 5, 5, 5, 5 ],
			"reboundFast": [ 4, 4, 6, 6 ]
		},
		"aeroBalance":
		{
			"rideHeight": [ 7, 6, 0, 18 ],
			"rodLength": [ 41.485248565673828, 41.485248565673828, 35.665283203125, 35.665283203125 ],
			"splitter": 0,
			"rearWing": 4,
			"brakeDuct": [ 3, 2 ]
		},
		"drivetrain":
		{
			"preload": 0
		}
	},
	"trackBopType": 31
}